"term","df","sumsq","meansq","statistic","p.value"
"grupo_desarrollo",1,6.45440280427492,6.45440280427492,2.92315467470959,0.0880334275341057
"Residuals",433,956.075447676641,2.20802643805229,NA,NA
